geo_id,val,se,sample_size,effective_sample_size
12420,0,12.5845295,3,2.9731322
16740,0,13.2605268,3,2.7705893
16980,0,15.4746354,3.0302,2.2310939
31080,0,16.3707811,3,2.054222
35620,0,7.5367682,8,5.6341432
40060,0,14.7287906,3,2.3947119
40220,0,12.5852108,2.9624,2.9729172
41860,0,15.3865627,4.0131,2.2495887
44700,0,13.8697523,2.9869,2.6049671
45300,0,9.3935076,6,4.3228253
46060,0,9.4446878,5,4.2939813
