geo_id,val,se,sample_size,effective_sample_size
16980,0,11.7900406,4,3.2408675
35620,0,15.4116658,3,2.2442956
