geo_id,val,se,sample_size,effective_sample_size
05000,10,13.4164079,2,4
06000,16.6666667,21.5165741,2,2
06037,16.6666667,21.5165741,2,2
09000,16.6666667,21.5165741,2,2
12099,50,28.8675135,2,2
17000,16.6666667,21.5165741,2,2
18000,16.6666667,21.5165741,2,2
26000,16.6666667,21.5165741,2,2
33000,12.5,16.5359457,2,3
36000,30,20.4939015,4,4
42000,16.6666667,21.5165741,2,2
47000,9.5908658,12.896711,2,4.2132937
48000,50,28.8675135,2,2
51000,12.5,16.5359457,2,3
51810,16.6666667,21.5165741,2,2
