geo_id,val,se,sample_size
018,12.5,19.0940654,3
056,16.6666667,26.3523138,2
111,16.6666667,26.3523138,2
118,37.5,27.9508497,3
181,16.6666667,26.3523138,2
187,16.6666667,26.3523138,2
192,16.6666667,26.3523138,2
210,16.6666667,26.3523138,2
222,37.5,27.9508497,3
293,50,35.3553391,2
303,37.5,27.9508497,3
352,16.6666667,26.3523138,2
365,16.6666667,26.3523138,2
373,16.6666667,26.3523138,2
430,12.5,19.0940654,3
432,16.6666667,26.3523138,2
