geo_id,val,se,sample_size,effective_sample_size
06037,0,16.6666667,2,2
12099,0,16.6666667,2,2
42041,0,16.6666667,2,2
51810,0,16.6666667,2,2
05000,0,10,2,4
06000,0,16.6666667,2,2
09000,0,16.6666667,2,2
17000,0,12.2983814,3,3.0655756
18000,0,16.6666667,2,2
26000,0,12.5,3,3
33000,0,12.5,2,3
36000,0,8.3333333,5,5
37000,0,12.5,2,3
47000,0,9.5908658,2,4.2132937
48000,0,10,3,4
51000,0,12.5,2,3
