geo_id,val,se,sample_size
06000,17.961165,3.8008165,102
