geo_id,val,se,sample_size,effective_sample_size
16980,12.5,16.5359457,3,3
19820,16.6666667,21.5165741,2,2
31080,16.6666667,21.5165741,2,2
33100,50,28.8675135,2,2
35620,37.5,24.2061459,3,3
47260,16.6666667,21.5165741,2,2
