geo_id,val,se,sample_size,effective_sample_size
118,50,28.8675135,2,2
303,16.6666667,21.5165741,2,2
373,16.6666667,21.5165741,2,2
430,16.6666667,21.5165741,2,2
56,16.6666667,21.5165741,2,2
