geo_id,val,se,sample_size
ar,16.6666667,26.3523138,2
ca,10,15,4
ct,16.6666667,26.3523138,2
fl,37.5,27.9508497,3
il,16.6666667,26.3523138,2
in,50,35.3553391,2
mi,16.6666667,26.3523138,2
nh,16.6666667,26.3523138,2
ny,30,22.9128785,4
pa,16.6666667,26.3523138,2
tn,16.6666667,26.3523138,2
tx,50,35.3553391,2
va,10,15,4
