geo_id,val,se,sample_size,effective_sample_size
ar,16.6666667,21.5165741,2,2
ca,10,13.4164079,4,4
ct,16.6666667,21.5165741,2,2
fl,37.5,24.2061459,3,3
il,16.6666667,21.5165741,2,2
in,16.6666667,21.5165741,2,2
mi,16.6666667,21.5165741,2,2
nh,16.6666667,21.5165741,2,2
ny,30,20.4939015,4,4
pa,16.6666667,21.5165741,2,2
tn,16.6666667,21.5165741,2,2
tx,50,28.8675135,2,2
va,10,13.4164079,4,4
